BSPREPAFOR,CTGGAGATGGCATCAAGGGCCCCAACTGATCTTCACCAAACGTATTACC
ORIREV408,CGTAAGCCGGTACTGATTGA
TACFARUP,CAGTTGATCGGCGCGAGATT
NTERM18mer,ACATACCGTCATGCGGCCGCTGATCCTCCTCCCCCVNNVNNVNNVNNVNNVNNVNNVNNVNNVNNVNNVNNVNNVNNVNNVNNVNNVNNGGCCATGGTAGATCCTGTTTC
TACFAR1,CGCCAATCAGCAACGACTGT
ORIREV108,GGGCTTTGTGGTTTCAGTTC
TACCKFOR,CAGGAAACAGGATCTACCATGACTGTGGCTGCACCATCTGTCTTC
NOTICKREV,CGTTTGGTGAAGATCAGTTGCGGCCGCTGATCCTCCTCCCCCTCCCCTGTTGAAGCTCTTTGTG
TACREV,GGTAGATCCTGTTTCCTGTGTG
V5REPAFOR,CACAGGAAACAGGATCTACCATGGCCGGAAAACCTATCCCAAACCCTCTCCTAGGACTGGATTCAACGGGGGGAGGAGGATCAGCGGCCGCAACTGATCTTCACCAAACG
ECORIGENE8,CGCCGGAATTCTTATCAGCTTGCTTTCGAGG
NOTIGENE8,CTGCAGTAATAGGCGGCCGCAGGGGGAGGAGGGTCCGCTGAGGGTGACGATCCCGCA
TACFAR2,AACGTGGCTGGCCTGGTTCA
TACFAR3,GATAAGAGACACCGGCATAC
TACFAR4,GGCGCTATCATGCCATACCG
TACFAR5,ACCATTCGGCTAGCGATGAC
TAC6,CCCCATCCCCCTGTTGACAATTAATC
NOTIRECREV,GGTGAAGATCAGTTGCGGCCGCTGATCCTCCTC
